Dealer Name,Email
"1 Car For You Auto Sales LLC",1carforyou3000@gmail.com
"Turn and Burn Motors Griffin",turnandburnmotors@gmail.com
"Diverse Motors Auto Center",vin_dm@outlook.com
"Freedom Auto Sales",daniel.brown@drivefreedomautos.com
"Rick Hendrick Chrysler Dodge Jeep RAM Duluth",gcj-managers@hendrickauto.com
"Rick Hendrick Buick GMC",sunshine.dehass@hendrickauto.com
"Lowe Toyota of Warner Robins",jsmith@lowetoyota.com
"SONS Honda",cmiller@sonsautogroup.com
"Warner Robins Chrysler Dodge Jeep Ram FIAT",csalinas@fivestaronline.net
"Five Star Ford of Warner Robins",erandolph@fivestaronline.net
"Chatham Subaru",shabeebullah@cptoyota.com
"Five Star Hyundai of Macon",khartness@fivestaronline.net
"Mercedes-Benz of Athens",nmbzvwathens@eleadtrack.net
"Courtesy Ford of Rome",leads@drivecourtesyfordofrome.com
"Acura of Athens",branton@acuraofathens.com
"Daniels Chevrolet GMC",rich.daniels@danielschev.com
"Five Brothers Auto Sales LLC",sales@fivebrothersautosales.com
"Peach State Motors",lead@peachstatemotors.net
"Georgia Luxury Automotive Smyrna",f1smyrna@gmail.com
"Global Pre-Owned Auto Sales",pat@globalpreownedauto.com
"JZ Auto Sales Inc",finance@jzautosalesinc.com
"Golf Rider",ex@mple.com
"Lou Sobh Kia of Newnan",lskngeninfo@lousobhauto.com
"Sosa Automotive Group",buyasosa@sosaauto.com
"Carriage Used Cars",contactus@carriageusedcars.com
"Sabrina Auto Sales",sabrinaautosales@sabrinaautosales.com
"Drive City",drivecityautos@gmail.com
"Jrs Autobuyers",jrsautobuyers@yahoo.com
"Southern Auto Brokers, Inc",sabbrokers@aol.com
"Choice Automotive Group",sales@choiceautomotivegroup.com
"Atlanta Prime Motors LLC.",atlantaprimemotors@gmail.com
"Tokman Auto Sales",tokman41@gmail.com
"Ridley Rides",ridleyrides2020@gmail.com
"Rick Hendrick Chevrolet Atlanta",shon.phillips@hendrickauto.com
"AutoNation Toyota Thornton Road",gm2224@autonation.com
"Jim Ellis Toyota of McDonough",tomquote@jimellis.com
"Nalley Lexus Smyrna",lexusdigital@asburyauto.com
"Athens Ford",feedback@athensford.com
"Riverside Toyota",johna@riversideautogroup.com
"Stone Mountain Volkswagen",sales@stonemountainvw.com
"Carriage Kia of Woodstock",wecare@carriagekiawoodstock.com
"Five Star Nissan",sales@fivestarnissanwr.edealerhub.com
"ALM Kennesaw",sales@almathens.com
"ALM Newnan",sales@almathens.com
"Five Star Hyundai of Warner Robins",gclark@fivestaronline.net
"Scott Evans Nissan",sales@scottevansnissan.edealerhub.com
"Five Star Chrysler Dodge Jeep Ram Albany",bhardison@fivestaronline.net
"Troncalli CDJR",sales@troncalli.com
"Gravity Autos Marietta",you@email.com
"Franklin Toyota",yourfriends@franklintoyotacrm.com
"AX Auto Inc.",webleads@axauto.dsmessage.com
"Butler Nissan",butlernissanga@eleadtrack.net
"Automania, INC",sales@automania.us
"John Thornton Buick GMC",default@dealer.com
"Langdale Honda of Valdosta",wkautzman@langdalehonda.com
"Hutchinson Kia of Albany",david.dicecco@hutchinsonautogroup.com
"Trinity Motorcar Company",powerpicker@gmail.com