Dealer Name,Email,Batch,Date Sent
"Rainey Used Cars",info@raineyga.com,1,2025-12-18
"G to G Towing",matt@pixelspread.com,1,2025-12-18
"Preston Diversified Auto Inc",prestondivsales@gmail.com,1,2025-12-18
"Arena Motors LLC",alexarenamotors@gmail.com,1,2025-12-18
"Anchor Auto Center LLC",info@anchorautocenter.com,1,2025-12-18
"ASAP Auto Brokers LLC",asapautobrokers@gmail.com,1,2025-12-18
"Georgia Auto Brokers",gacarbrokers@gmail.com,1,2025-12-18
"Classic Atlanta Pre-Owned",smorales@classicatlanta.com,1,2025-12-18
"Carmona Auto Sales LLC",carmonaautosales1@gmail.com,1,2025-12-18
"Atlanta True Cars",atlantatruecars@gmail.com,1,2025-12-18
"Kenny's Automotive Center",byronk515@gmail.com,1,2025-12-18
"Autos Buy Don",autosbuydon@gmail.com,1,2025-12-18
"The Car Market",thecarmarketbuyers@gmail.com,1,2025-12-18
"Galaxy Car Sales LLC",james.belisha@gmail.com,1,2025-12-18
"Better Way Auto Sales",bwautosalesga@gmail.com,1,2025-12-18
"Parwan Auto LLC",zacwakili2005@gmail.com,1,2025-12-18
"Georgia Hwy 20 Auto Sales",sales@georgiaautosale.com,1,2025-12-18
"Sher Motors",shermotorsllc@gmail.com,1,2025-12-18
"Vaden of Beaufort",beaufort@vadenauto.com,1,2025-12-18
"Capital City Buick GMC",leads@capitalcitygmc.net,1,2025-12-18
"Mercedes-Benz of Augusta",dmcconnell@mbaugusta.com,1,2025-12-18
"Benji Auto Sales",sales@benjiautosales.com,1,2025-12-18
"Augusta Toyota",lrobinson@augustatoyota.com,1,2025-12-18
"Mercedes-Benz of Columbus",mbcolumbusgm@mercedescolumbus.net,1,2025-12-18
"Thomson Chrysler Dodge Jeep Ram Fiat",sales@thomsoncdjrf.com,1,2025-12-18
"Hilton Head Volkswagen",info@hiltonheadvw.com,1,2025-12-18
"BMW of Athens",jessica.sopson@athensbmw.com,1,2025-12-18
"BMW of Columbus",georgia.simonds@bmwofcolumbus.com,1,2025-12-18
"Genesis of Kennesaw",ctompkins@genesisofkennesaw.com,1,2025-12-18
"RBM of Alpharetta",webleads@rbmofalpharetta.com,1,2025-12-18
"Jim Hudson Acura",contact@jimhudsonacura.com,1,2025-12-18
"1 Owner Auto Sales",1ownerautosales@gmail.com,1,2025-12-18
"Foster Auto Sales",dfoster@fosterautosales.net,1,2025-12-18
"McDaniels Acura of Newnan",leads@mcdanielsnewnan.com,1,2025-12-18
"Bullock's Auto Sales",bullocksautosales@gmail.com,1,2025-12-18
"Mi Carro Auto Sales",micarroautosales@gmail.com,1,2025-12-18
"Merlin Auto Group",sales@merlinautogroup.com,1,2025-12-18
"Savannah Auto Trader",info@savannahautotrader.com,1,2025-12-18
"1 Car For You Auto Sales LLC",1carforyou3000@gmail.com,2,2025-12-18
"Turn and Burn Motors Griffin",turnandburnmotors@gmail.com,2,2025-12-18
"Diverse Motors Auto Center",vin_dm@outlook.com,2,2025-12-18
"Freedom Auto Sales",daniel.brown@drivefreedomautos.com,2,2025-12-18
"Rick Hendrick Chrysler Dodge Jeep RAM Duluth",gcj-managers@hendrickauto.com,2,2025-12-18
"Rick Hendrick Buick GMC",sunshine.dehass@hendrickauto.com,2,2025-12-18
"Lowe Toyota of Warner Robins",jsmith@lowetoyota.com,2,2025-12-18
"SONS Honda",cmiller@sonsautogroup.com,2,2025-12-18
"Warner Robins Chrysler Dodge Jeep Ram FIAT",csalinas@fivestaronline.net,2,2025-12-18
"Five Star Ford of Warner Robins",erandolph@fivestaronline.net,2,2025-12-18
"Chatham Subaru",shabeebullah@cptoyota.com,2,2025-12-18
"Five Star Hyundai of Macon",khartness@fivestaronline.net,2,2025-12-18
"Mercedes-Benz of Athens",nmbzvwathens@eleadtrack.net,2,2025-12-18
"Courtesy Ford of Rome",leads@drivecourtesyfordofrome.com,2,2025-12-18
"Acura of Athens",branton@acuraofathens.com,2,2025-12-18
"Daniels Chevrolet GMC",rich.daniels@danielschev.com,2,2025-12-18
"Five Brothers Auto Sales LLC",sales@fivebrothersautosales.com,2,2025-12-18
"Peach State Motors",lead@peachstatemotors.net,2,2025-12-18
"Georgia Luxury Automotive Smyrna",f1smyrna@gmail.com,2,2025-12-18
"Global Pre-Owned Auto Sales",pat@globalpreownedauto.com,2,2025-12-18
"JZ Auto Sales Inc",finance@jzautosalesinc.com,2,2025-12-18
"Lou Sobh Kia of Newnan",lskngeninfo@lousobhauto.com,2,2025-12-18
"Sosa Automotive Group",buyasosa@sosaauto.com,2,2025-12-18
"Carriage Used Cars",contactus@carriageusedcars.com,2,2025-12-18
"Sabrina Auto Sales",sabrinaautosales@sabrinaautosales.com,2,2025-12-18
"Drive City",drivecityautos@gmail.com,2,2025-12-18
"Jrs Autobuyers",jrsautobuyers@yahoo.com,2,2025-12-18
"Southern Auto Brokers, Inc",sabbrokers@aol.com,2,2025-12-18
"Choice Automotive Group",sales@choiceautomotivegroup.com,2,2025-12-18
"Atlanta Prime Motors LLC.",atlantaprimemotors@gmail.com,2,2025-12-18
"Tokman Auto Sales",tokman41@gmail.com,2,2025-12-18
"Ridley Rides",ridleyrides2020@gmail.com,2,2025-12-18
"Rick Hendrick Chevrolet Atlanta",shon.phillips@hendrickauto.com,2,2025-12-18
"AutoNation Toyota Thornton Road",gm2224@autonation.com,2,2025-12-18
"Jim Ellis Toyota of McDonough",tomquote@jimellis.com,2,2025-12-18
"Nalley Lexus Smyrna",lexusdigital@asburyauto.com,2,2025-12-18
"Athens Ford",feedback@athensford.com,2,2025-12-18
"Riverside Toyota",johna@riversideautogroup.com,2,2025-12-18
"Stone Mountain Volkswagen",sales@stonemountainvw.com,2,2025-12-18
"Carriage Kia of Woodstock",wecare@carriagekiawoodstock.com,2,2025-12-18
"Five Star Nissan",sales@fivestarnissanwr.edealerhub.com,2,2025-12-18
"ALM Kennesaw",sales@almathens.com,2,2025-12-18
"ALM Newnan",sales@almathens.com,2,2025-12-18
"Five Star Hyundai of Warner Robins",gclark@fivestaronline.net,2,2025-12-18
"Scott Evans Nissan",sales@scottevansnissan.edealerhub.com,2,2025-12-18
"Five Star Chrysler Dodge Jeep Ram Albany",bhardison@fivestaronline.net,2,2025-12-18
"Troncalli CDJR",sales@troncalli.com,2,2025-12-18
"AX Auto Inc.",webleads@axauto.dsmessage.com,2,2025-12-18
"Butler Nissan",butlernissanga@eleadtrack.net,2,2025-12-18
"Automania, INC",sales@automania.us,2,2025-12-18
"Langdale Honda of Valdosta",wkautzman@langdalehonda.com,2,2025-12-18
"Hutchinson Kia of Albany",david.dicecco@hutchinsonautogroup.com,2,2025-12-18
"Trinity Motorcar Company",powerpicker@gmail.com,2,2025-12-18