Domain,URL,DA,Type,Action
forum.dealerrefresh.com,https://forum.dealerrefresh.com/forums/-/list,36,Forum,Create account and participate in dealer discussions
forum.leasehackr.com,https://forum.leasehackr.com/t/comparing-used-car-cpo-prices/452413,43,Forum,Join and contribute to car buying discussions
bogleheads.org,https://www.bogleheads.org/forum/viewtopic.php?t=458277,52,Forum,Participate in financial/car buying threads
grassrootsmotorsports.com,https://grassrootsmotorsports.com/forum/off-topic-discussion/what-sites-are-we-using-to-get-new-car-prices-nowadays/278280/page1/,50,Forum,Join automotive enthusiast community
gm-trucks.com,https://www.gm-trucks.com/forums/forum/14-for-salewanted/,34,Forum,Post in for-sale section with dealer inventory
ford-trucks.com,https://www.ford-trucks.com/forums/market/vehicles,46,Forum,Participate in truck marketplace discussions
forums.pelicanparts.com,http://forums.pelicanparts.com/porsche-cars-sale/,43,Forum,Join Porsche enthusiast community
forum.pickuptrucktalk.com,https://forum.pickuptrucktalk.com/threads/where-to-list-or-buy.217/,34,Forum,Contribute to truck buying discussions
g20.bimmerpost.com,https://g20.bimmerpost.com/forums/showthread.php?t=2169594,59,Forum,Join BMW enthusiast discussions
g07.bimmerpost.com,https://g07.bimmerpost.com/forums/showthread.php?t=2066505,59,Forum,Participate in BMW X7 community
community.cartalk.com,https://community.cartalk.com/,51,Forum,Join popular car advice community
ridgelineownersclub.com,https://www.ridgelineownersclub.com/threads/certified-pre-owned-whats-the-point.27533/,40,Forum,Contribute to Honda Ridgeline discussions
mdxers.org,https://www.mdxers.org/threads/certified-pre-owned-car-dealer-fraud-need-advice.183227/,39,Forum,Join Acura MDX owner community
forums.redflagdeals.com,https://forums.redflagdeals.com/used-suv-recommendation-2685205/,61,Forum,Participate in deal-finding discussions
forums.dansdeals.com,https://forums.dansdeals.com/index.php?topic=31460.900,42,Forum,Join deal-focused community
ar15.com,https://ar15.com/forums/general/-/5-2821771/,45,Forum,General discussion forum with car sections
community.caredge.com,https://community.caredge.com/home,50,Forum,Join car buying advice community
blog.autotempest.com,https://blog.autotempest.com/,58,Blog,Pitch guest post about car searching
goautocity.com,https://www.goautocity.com/blog,32,Blog,Reach out for guest post opportunity
waldorfdodge.com,https://www.waldorfdodge.com/blogs/4087/index.php/category/used-cars/,32,Blog,Contact for dealer blog collaboration
internationalusedtrucks.com,https://www.internationalusedtrucks.com/blog/,38,Blog,Pitch truck-focused content
hendrickcars.com,https://www.hendrickcars.com/blog/2025/january/23/what-does-it-mean-for-a-vehicle-to-be-certified-pre-owned.htm,47,Blog,Contact for CPO content collaboration
dealeron.com,https://www.dealeron.com/blog/,34,Blog,Pitch dealer technology content
carpro.com,https://www.carpro.com/blog/the-best-used-car-deals-right-now,48,Blog,Reach out for used car deals content
carshop.com,https://carshop.com/blog/top-mistakes-to-avoid-when-buying-a-used-car-online,39,Blog,Pitch car buying tips content
njstateauto.com,https://www.njstateauto.com/blog/six-models-to-consider-when-shopping-for-a-pre-owned-suv/,34,Blog,Contact for SUV content
orlandopreowned.com,https://www.orlandopreowned.com/blogs/5550/,22,Blog,Easy guest post opportunity
autofanaticsusa.com,https://www.autofanaticsusa.com/blog/used-car-deals-guide,12,Blog,Low DA - easy guest post
carzing.com,https://www.carzing.com/blog/car-buying-tips/finding-cheap-cars-for-sale-near-me/,40,Blog,Pitch car buying content
wesselsusedcars.com,https://www.wesselsusedcars.com/blog/cost-comparison-used-vs-new-cars/,20,Blog,Easy dealer blog collaboration
yellowpages.com,https://www.yellowpages.com/taylor-mi/new-truck-dealers,59,Directory,Claim/create business listing
superpages.com,https://www.superpages.com/terra-ceia-fl/new-car-dealers,36,Directory,Submit business listing
mapquest.com,https://www.mapquest.com/us/florida/carvana-orlando-424246059,94,Directory,Add business location
usedcars.com,https://www.usedcars.com/,40,Marketplace,List inventory/create dealer profile
caredge.com,https://caredge.com/comparison,50,Resource,Reach out for partnership/listing
trucks.com,https://trucks.com/,36,Resource,Submit dealer/inventory listing
carsdirect.com,https://www.carsdirect.com/,56,Marketplace,Create dealer account
hertzcarsales.com,https://www.hertzcarsales.com/used-cars-for-sale.htm,51,Competitor,Study for backlink sources
vroom.com,https://www.vroom.com/,42,Competitor,Analyze their backlink profile
automoblog.com,https://www.automoblog.com/reviews/buy-or-sell/carvana-reviews/,47,Review Site,Submit for review/listing
thetruthaboutcars.com,https://www.thetruthaboutcars.com/,51,News/Blog,Pitch newsworthy content
autoblog.com,https://www.autoblog.com/,57,News,Submit press releases/news
torquenews.com,https://www.torquenews.com/1084/5-best-8-seat-suvs-under-35k-subaru-ascent-most-affordable,42,News,Pitch SUV/truck content
hotcars.com,https://www.hotcars.com/classic-cars-that-are-cheap-to-own-and-maintain/,51,News,Submit content/tips
autoguide.com,https://www.autoguide.com/how-to-buy-a-car/,52,Resource,Reach out for inclusion
thedrive.com,https://www.thedrive.com/news/45104/buying-a-car-in-the-chip-shortage-tips-and-advice-for-todays-tough-market,56,News,Pitch newsworthy stories
insideevs.com,https://insideevs.com/news/758625/byd-megawatt-charging-demo-china/,54,News,Submit EV-related content
news.dealershipguy.com,https://news.dealershipguy.com/p/prediction-2026-will-belong-to-the-used-car-market-2025-12-31,36,Newsletter,Reach out for feature/mention
autodealertodaymagazine.com,https://www.autodealertodaymagazine.com/,32,Trade Pub,Submit for industry coverage
cbtnews.com,https://www.cbtnews.com/consumers-embrace-ai-but-still-rely-on-dealerships-for-final-purchase/,46,Trade News,Pitch dealer technology stories
